{
  "PAWN_A7": [0.15857142857142856, 0.004285714285714337, 0.0],
  "PAWN_B7": [0.15285714285714286, 0.004285714285714337, 0.0],
  "PAWN_C7": [0.14714285714285713, 0.004285714285714337, 0.0],
  "PAWN_D7": [0.1514285714285714, 0.004285714285714337, 0.0],
  "PAWN_E7": [0.1557142857142857, 0.004285714285714337, 0.0],
  "PAWN_F7": [0.16000000000000003, 0.004285714285714337, 0.0],
  "PAWN_G7": [0.1642857142857142, 0.004285714285714337, 0.0],
  "PAWN_H7": [0.15857142857142836, 0.004285714285714337, 0.0],

  "ROOK_A8": [0.0, 1.1102230246251565e-16, 0.0],
  "ROOK_H8": [0.010000000000000009, 1.1102230246251565e-16, 0.0],

  "KNIGHT_B8": [-0.1057142857142857, 0.67001, 0.00912365],
  "KNIGHT_G8": [-0.11428571428571432, 0.6700000000000002, 0.0],

  "BISHOP_C8": [-0.2914285714285714, 0.01000000000000012, 0.0],
  "BISHOP_F8": [-0.29857142857142854, 0.01000000000000012, 0.0],

  "QUEEN_D8": [-0.45714285714285713, 0.01000000000000012, 0.0],
  "KING_E8": [-0.6128571428571429, 0.01000000000000012, 0.0]
}
