{
  "PAWN_A2": [0.15142857142857144, 0.005714285714285727, 0.0],
  "PAWN_B2": [0.15571428571428572, -0.004285714285714282, 0.0],
  "PAWN_C2": [0.15000000000000002, -0.004285714285714282, 0.0],
  "PAWN_D2": [0.15428571428571428, -0.004285714285714282, 0.0],
  "PAWN_E2": [0.14857142857142858, -0.004285714285714282, 0.0],
  "PAWN_F2": [0.1528571428571429, -0.004285714285714282, 0.0],
  "PAWN_G2": [0.15714285714285708, -0.004285714285714282, 0.0],
  "PAWN_H2": [0.15142857142857125, -0.004285714285714282, 0.0],

  "ROOK_A1": [0.0, 0.0, 0.0],
  "ROOK_H1": [0.0, 0.0, 0.0],

  "KNIGHT_B1": [-0.11571428571428571, -0.6700000000000002, 0.000111563],
  "KNIGHT_G1": [-0.11428571428571432, -0.6600000000000001, 0.0],

  "BISHOP_C1": [-0.2914285714285714, 0.0, 0.0],
  "BISHOP_F1": [-0.29857142857142854, 0.0, 0.0],

  "QUEEN_D1": [-0.4571428571428572, 0.0, 0.0],
  "KING_E1": [-0.6228571428571429, 0.0, 0.0]
}
